{"cameraMode":{"drawMode":0,"name":"Shaded","section":"Shading Mode"},"sceneLighting":true,"audioPlay":false,"sceneViewState":{"showFog":true,"showMaterialUpdate":false,"showSkybox":true,"showFlares":true,"showImageEffects":true,"showParticleSystems":true},"in2DMode":false,"pivot":{"x":41.30218505859375,"y":-23.901044845581056,"z":129.37730407714845},"rotation":{"x":0.29706117510795596,"y":0.698455810546875,"z":-0.41532573103904726,"w":0.5017687678337097},"size":2.077716112136841,"orthographic":false}