{"cameraMode":{"drawMode":0,"name":"Shaded","section":"Shading Mode"},"sceneLighting":true,"audioPlay":false,"sceneViewState":{"showFog":true,"showMaterialUpdate":false,"showSkybox":true,"showFlares":true,"showImageEffects":true,"showParticleSystems":true},"in2DMode":false,"pivot":{"x":34.67742156982422,"y":-50.7414665222168,"z":112.01152801513672},"rotation":{"x":-0.16526947915554048,"y":0.8338919281959534,"z":-0.3513112962245941,"w":-0.39238017797470095},"size":12.895148277282715,"orthographic":false}