{"cameraMode":{"drawMode":0,"name":"Shaded","section":"Shading Mode"},"sceneLighting":true,"audioPlay":false,"sceneViewState":{"showFog":true,"showMaterialUpdate":false,"showSkybox":true,"showFlares":true,"showImageEffects":true,"showParticleSystems":true},"in2DMode":false,"pivot":{"x":-15.044815063476563,"y":6.913215637207031,"z":-21.811195373535158},"rotation":{"x":-0.22644610702991486,"y":-0.6486403346061707,"z":0.21069113910198213,"w":-0.6956331729888916},"size":80.41508483886719,"orthographic":false}