{"cameraMode":{"drawMode":0,"name":"Shaded","section":"Shading Mode"},"sceneLighting":false,"audioPlay":false,"sceneViewState":{"showFog":true,"showMaterialUpdate":false,"showSkybox":false,"showFlares":true,"showImageEffects":true,"showParticleSystems":true},"in2DMode":false,"pivot":{"x":-92.39561462402344,"y":23.832883834838868,"z":-11.644515037536621},"rotation":{"x":-0.022155001759529115,"y":-0.6176224946975708,"z":-0.017426757141947748,"w":0.7860068678855896},"size":3.5777158737182619,"orthographic":false}