{"cameraMode":{"drawMode":0,"name":"Shaded","section":"Shading Mode"},"sceneLighting":true,"audioPlay":false,"sceneViewState":{"showFog":true,"showMaterialUpdate":false,"showSkybox":true,"showFlares":true,"showImageEffects":true,"showParticleSystems":true},"in2DMode":false,"pivot":{"x":66.15851593017578,"y":-44.22486114501953,"z":116.11400604248047},"rotation":{"x":0.1468786746263504,"y":0.6605497002601624,"z":-0.13575291633605958,"w":0.7240054607391357},"size":3.5777158737182619,"orthographic":false}