{"cameraMode":{"drawMode":0,"name":"Shaded","section":"Shading Mode"},"sceneLighting":true,"audioPlay":false,"sceneViewState":{"showFog":true,"showMaterialUpdate":false,"showSkybox":true,"showFlares":true,"showImageEffects":true,"showParticleSystems":true},"in2DMode":false,"pivot":{"x":-727.9954833984375,"y":-273.1407165527344,"z":-1153.070556640625},"rotation":{"x":-0.0548621229827404,"y":-0.7460427284240723,"z":0.057960204780101779,"w":-0.6619000434875488},"size":127.61311340332031,"orthographic":false}