{"cameraMode":{"drawMode":0,"name":"Shaded","section":"Shading Mode"},"sceneLighting":true,"audioPlay":false,"sceneViewState":{"showFog":true,"showMaterialUpdate":false,"showSkybox":true,"showFlares":true,"showImageEffects":true,"showParticleSystems":true},"in2DMode":false,"pivot":{"x":-89.5462417602539,"y":31.091650009155275,"z":-18.21187973022461},"rotation":{"x":0.22286280989646913,"y":0.06582104414701462,"z":-0.01642433926463127,"w":0.9727511405944824},"size":7.701927185058594,"orthographic":false}