{"cameraMode":{"drawMode":0,"name":"Shaded","section":"Shading Mode"},"sceneLighting":true,"audioPlay":false,"sceneViewState":{"showFog":true,"showMaterialUpdate":false,"showSkybox":true,"showFlares":true,"showImageEffects":true,"showParticleSystems":true},"in2DMode":false,"pivot":{"x":146.95814514160157,"y":305.62042236328127,"z":163.95697021484376},"rotation":{"x":0.04080209508538246,"y":-0.0026549366302788259,"z":0.00044547865400090814,"w":0.999277651309967},"size":442.9722595214844,"orthographic":false}