{"cameraMode":{"drawMode":0,"name":"Shaded","section":"Shading Mode"},"sceneLighting":false,"audioPlay":false,"sceneViewState":{"showFog":true,"showMaterialUpdate":false,"showSkybox":false,"showFlares":true,"showImageEffects":true,"showParticleSystems":true},"in2DMode":false,"pivot":{"x":-96.20474243164063,"y":23.687894821166993,"z":-9.854405403137207},"rotation":{"x":0.32910776138305666,"y":0.569726824760437,"z":-0.26588234305381777,"w":0.7046918272972107},"size":3.5777158737182619,"orthographic":false}