{"cameraMode":{"drawMode":0,"name":"Shaded","section":"Shading Mode"},"sceneLighting":true,"audioPlay":false,"sceneViewState":{"showFog":true,"showMaterialUpdate":false,"showSkybox":true,"showFlares":true,"showImageEffects":true,"showParticleSystems":true},"in2DMode":false,"pivot":{"x":47.3209342956543,"y":-54.378536224365237,"z":89.20722198486328},"rotation":{"x":0.016673771664500238,"y":0.982742190361023,"z":-0.1467270851135254,"w":0.11162655055522919},"size":29.484628677368165,"orthographic":false}