{"cameraMode":{"drawMode":0,"name":"Shaded","section":"Shading Mode"},"sceneLighting":true,"audioPlay":false,"sceneViewState":{"showFog":true,"showMaterialUpdate":false,"showSkybox":true,"showFlares":true,"showImageEffects":true,"showParticleSystems":true},"in2DMode":false,"pivot":{"x":-2095.758544921875,"y":-1245.6309814453125,"z":-184.30392456054688},"rotation":{"x":0.4836491644382477,"y":-0.10343529284000397,"z":0.05993006378412247,"w":0.8675514459609985},"size":361.78118896484377,"orthographic":false}