{"cameraMode":{"drawMode":0,"name":"Shaded","section":"Shading Mode"},"sceneLighting":true,"audioPlay":false,"sceneViewState":{"showFog":true,"showMaterialUpdate":false,"showSkybox":true,"showFlares":true,"showImageEffects":true,"showParticleSystems":true},"in2DMode":false,"pivot":{"x":-96.80352020263672,"y":-11.975105285644532,"z":-89.72840881347656},"rotation":{"x":-0.0027821073308587076,"y":-0.9573737978935242,"z":0.28893598914146426,"w":-0.00917496345937252},"size":65.50436401367188,"orthographic":false}