{"cameraMode":{"drawMode":0,"name":"Shaded","section":"Shading Mode"},"sceneLighting":true,"audioPlay":false,"sceneViewState":{"showFog":true,"showMaterialUpdate":false,"showSkybox":true,"showFlares":true,"showImageEffects":true,"showParticleSystems":true},"in2DMode":false,"pivot":{"x":146.78126525878907,"y":-49.54964828491211,"z":116.00334930419922},"rotation":{"x":-0.19073209166526795,"y":-0.7334678173065186,"z":0.22912530601024629,"w":-0.610949695110321},"size":11.898421287536621,"orthographic":false}