{"cameraMode":{"drawMode":0,"name":"Shaded","section":"Shading Mode"},"sceneLighting":true,"audioPlay":false,"sceneViewState":{"showFog":true,"showMaterialUpdate":false,"showSkybox":true,"showFlares":true,"showImageEffects":true,"showParticleSystems":true},"in2DMode":false,"pivot":{"x":-111.21794128417969,"y":35.12611770629883,"z":-8.800300598144532},"rotation":{"x":-0.17604762315750123,"y":-0.6966028809547424,"z":0.18523257970809937,"w":-0.6709712147712708},"size":7.515833377838135,"orthographic":false}