{"cameraMode":{"drawMode":0,"name":"Shaded","section":"Shading Mode"},"sceneLighting":true,"audioPlay":false,"sceneViewState":{"showFog":true,"showMaterialUpdate":false,"showSkybox":true,"showFlares":true,"showImageEffects":true,"showParticleSystems":true},"in2DMode":false,"pivot":{"x":592.4448852539063,"y":138.28785705566407,"z":-460.20977783203127},"rotation":{"x":0.20208680629730225,"y":-0.7888065576553345,"z":0.34093526005744936,"w":0.4703024625778198},"size":7.967441558837891,"orthographic":false}