{"cameraMode":{"drawMode":0,"name":"Shaded","section":"Shading Mode"},"sceneLighting":true,"audioPlay":false,"sceneViewState":{"showFog":true,"showMaterialUpdate":false,"showSkybox":true,"showFlares":true,"showImageEffects":true,"showParticleSystems":true},"in2DMode":false,"pivot":{"x":-101.2586441040039,"y":37.8644905090332,"z":-10.38825798034668},"rotation":{"x":-0.17297551035881043,"y":-0.6216270923614502,"z":0.14514237642288209,"w":-0.7503792643547058},"size":6.277717113494873,"orthographic":false}