{"cameraMode":{"drawMode":0,"name":"Shaded","section":"Shading Mode"},"sceneLighting":true,"audioPlay":false,"sceneViewState":{"showFog":true,"showMaterialUpdate":false,"showSkybox":true,"showFlares":true,"showImageEffects":true,"showParticleSystems":true},"in2DMode":false,"pivot":{"x":471.2090148925781,"y":-155.67910766601563,"z":149.07945251464845},"rotation":{"x":0.05846541374921799,"y":0.8010945320129395,"z":-0.07933345437049866,"w":0.5903719663619995},"size":161.24020385742188,"orthographic":false}