{"cameraMode":{"drawMode":0,"name":"Shaded","section":"Shading Mode"},"sceneLighting":true,"audioPlay":false,"sceneViewState":{"showFog":true,"showMaterialUpdate":false,"showSkybox":true,"showFlares":true,"showImageEffects":true,"showParticleSystems":true},"in2DMode":false,"pivot":{"x":19.664505004882814,"y":-41.982704162597659,"z":103.63430786132813},"rotation":{"x":-0.03406313434243202,"y":-0.9295365810394287,"z":0.35657569766044619,"w":-0.08832662552595139},"size":13.4793701171875,"orthographic":false}