{"cameraMode":{"drawMode":0,"name":"Shaded","section":"Shading Mode"},"sceneLighting":true,"audioPlay":false,"sceneViewState":{"showFog":true,"showMaterialUpdate":false,"showSkybox":true,"showFlares":true,"showImageEffects":true,"showParticleSystems":true},"in2DMode":false,"pivot":{"x":9.38558578491211,"y":1.3450602293014527,"z":23.751094818115236},"rotation":{"x":-0.14743074774742127,"y":-0.3176763951778412,"z":0.05005578324198723,"w":-0.935486376285553},"size":35.201805114746097,"orthographic":false}