{"cameraMode":{"drawMode":0,"name":"Shaded","section":"Shading Mode"},"sceneLighting":true,"audioPlay":false,"sceneViewState":{"showFog":true,"showMaterialUpdate":false,"showSkybox":true,"showFlares":true,"showImageEffects":true,"showParticleSystems":true},"in2DMode":false,"pivot":{"x":-18.2191104888916,"y":-34.75880813598633,"z":-18.51255989074707},"rotation":{"x":0.04513762518763542,"y":0.8667278289794922,"z":-0.490298867225647,"w":0.07978986948728562},"size":23.07859992980957,"orthographic":false}