{"cameraMode":{"drawMode":0,"name":"Shaded","section":"Shading Mode"},"sceneLighting":true,"audioPlay":false,"sceneViewState":{"showFog":true,"showMaterialUpdate":false,"showSkybox":true,"showFlares":true,"showImageEffects":true,"showParticleSystems":true},"in2DMode":false,"pivot":{"x":-9.933271408081055,"y":2.482841730117798,"z":19.343172073364259},"rotation":{"x":-0.2518651783466339,"y":0.036252278834581378,"z":-0.009249269962310791,"w":-0.9673317670822144},"size":18.719688415527345,"orthographic":true}